Content_Image,Style_Image,Run_Index,Output_Image,Optimized_Alpha,Optimized_Beta,Optimized_LR,SSIM_Content,LPIPS_Content,Isolated_Gram_Style,Inference_Latency_Sec,Pair_ID,Architecture
angel1024,compositionvii,1,angel1024_composition_vii_run1.jpg,0.7805,13094.6927,1.8187,0.5044,0.3275,0.0001,14.48,angel1024_compositionvii,Gatys (Optimization)
angel1024,compositionvii,2,angel1024_composition_vii_run2.jpg,29.7537,6696802.0271,0.3469,0.4319,0.422,0.0,14.32,angel1024_compositionvii,Gatys (Optimization)
angel1024,compositionvii,3,angel1024_composition_vii_run3.jpg,24.3664,2548278.6109,1.1006,0.4357,0.3869,0.0,14.41,angel1024_compositionvii,Gatys (Optimization)
angel1024,feathers,1,angel1024_feathers_run1.jpg,0.0836,176897.6772,0.1366,0.5061,0.4755,0.0,14.17,angel1024_feathers,Gatys (Optimization)
angel1024,feathers,2,angel1024_feathers_run2.jpg,1.8295,70691.7542,0.385,0.5076,0.2835,0.0001,14.35,angel1024_feathers,Gatys (Optimization)
angel1024,feathers,3,angel1024_feathers_run3.jpg,0.2259,251986.179,0.1115,0.5546,0.4442,0.0,14.19,angel1024_feathers,Gatys (Optimization)
angel1024,lamuse,1,angel1024_la_muse_run1.jpg,0.2693,106661.6627,0.3619,0.3693,0.4535,0.0,14.35,angel1024_lamuse,Gatys (Optimization)
angel1024,lamuse,2,angel1024_la_muse_run2.jpg,6.0748,309535.612,0.1671,0.473,0.3523,0.0001,14.32,angel1024_lamuse,Gatys (Optimization)
angel1024,lamuse,3,angel1024_la_muse_run3.jpg,0.1368,39821.4086,0.2247,0.4015,0.4327,0.0,14.32,angel1024_lamuse,Gatys (Optimization)
angel1024,mosaic,1,angel1024_mosaic_run1.jpg,0.1637,185883.7258,0.6406,0.225,0.553,0.0,14.38,angel1024_mosaic,Gatys (Optimization)
angel1024,mosaic,2,angel1024_mosaic_run2.jpg,0.9597,2281750.1544,1.7658,0.2477,0.5603,0.0,14.26,angel1024_mosaic,Gatys (Optimization)
angel1024,mosaic,3,angel1024_mosaic_run3.jpg,25.8004,4717624.0914,0.3577,0.2825,0.4874,0.0,14.26,angel1024_mosaic,Gatys (Optimization)
angel1024,wave,1,angel1024_wave_run1.jpg,12.7795,1062436.6738,0.3829,0.6179,0.2688,0.0,14.36,angel1024_wave,Gatys (Optimization)
angel1024,wave,2,angel1024_wave_run2.jpg,19.8664,1006451.5361,0.3312,0.659,0.2487,0.0,14.22,angel1024_wave,Gatys (Optimization)
angel1024,wave,3,angel1024_wave_run3.jpg,1.6823,13469.9358,0.1811,0.771,0.1897,0.0001,14.28,angel1024_wave,Gatys (Optimization)
berries1024,compositionvii,1,berries1024_composition_vii_run1.jpg,4.1292,728505.2384,0.5153,0.6319,0.2338,0.0001,13.77,berries1024_compositionvii,Gatys (Optimization)
berries1024,compositionvii,2,berries1024_composition_vii_run2.jpg,25.5424,8466288.1282,0.3315,0.6211,0.2632,0.0,13.84,berries1024_compositionvii,Gatys (Optimization)
berries1024,compositionvii,3,berries1024_composition_vii_run3.jpg,47.4549,2853498.8248,0.1269,0.7639,0.1472,0.0001,13.72,berries1024_compositionvii,Gatys (Optimization)
berries1024,feathers,1,berries1024_feathers_run1.jpg,64.2539,288449.5305,0.1483,0.8528,0.0743,0.0004,13.8,berries1024_feathers,Gatys (Optimization)
berries1024,feathers,2,berries1024_feathers_run2.jpg,26.8902,2424926.8419,0.2659,0.6028,0.2192,0.0001,13.84,berries1024_feathers,Gatys (Optimization)
berries1024,feathers,3,berries1024_feathers_run3.jpg,4.8596,54025.6544,0.4682,0.7208,0.1323,0.0003,13.79,berries1024_feathers,Gatys (Optimization)
berries1024,lamuse,1,berries1024_la_muse_run1.jpg,0.2337,36173.3106,1.1741,0.4956,0.3644,0.0001,13.7,berries1024_lamuse,Gatys (Optimization)
berries1024,lamuse,2,berries1024_la_muse_run2.jpg,9.6514,3277184.5635,0.2051,0.5301,0.3859,0.0001,13.84,berries1024_lamuse,Gatys (Optimization)
berries1024,lamuse,3,berries1024_la_muse_run3.jpg,5.3122,1369712.9901,0.4665,0.503,0.3868,0.0001,13.8,berries1024_lamuse,Gatys (Optimization)
berries1024,mosaic,1,berries1024_mosaic_run1.jpg,0.3485,113401.8764,1.0693,0.368,0.4256,0.0001,13.82,berries1024_mosaic,Gatys (Optimization)
berries1024,mosaic,2,berries1024_mosaic_run2.jpg,0.5921,275501.9825,0.2647,0.4103,0.4429,0.0,13.73,berries1024_mosaic,Gatys (Optimization)
berries1024,mosaic,3,berries1024_mosaic_run3.jpg,79.9793,2657117.9231,0.1108,0.6466,0.2249,0.0004,13.73,berries1024_mosaic,Gatys (Optimization)
berries1024,wave,1,berries1024_wave_run1.jpg,1.5241,210805.8226,1.8696,0.5448,0.2658,0.0001,13.83,berries1024_wave,Gatys (Optimization)
berries1024,wave,2,berries1024_wave_run2.jpg,9.0947,191330.2728,0.6066,0.6646,0.1656,0.0002,13.86,berries1024_wave,Gatys (Optimization)
berries1024,wave,3,berries1024_wave_run3.jpg,0.01,20536.9271,0.7073,0.4455,0.4405,0.0,13.84,berries1024_wave,Gatys (Optimization)
daisy1024,compositionvii,1,daisy1024_composition_vii_run1.jpg,0.2923,13637.7265,0.9738,0.456,0.4139,0.0001,16.35,daisy1024_compositionvii,Gatys (Optimization)
daisy1024,compositionvii,2,daisy1024_composition_vii_run2.jpg,5.4797,2269210.3969,1.5003,0.3053,0.5426,0.0,16.49,daisy1024_compositionvii,Gatys (Optimization)
daisy1024,compositionvii,3,daisy1024_composition_vii_run3.jpg,0.5966,61611.6905,0.1497,0.5102,0.4288,0.0,16.41,daisy1024_compositionvii,Gatys (Optimization)
daisy1024,feathers,1,daisy1024_feathers_run1.jpg,0.6065,178897.8825,0.2969,0.524,0.4527,0.0,16.28,daisy1024_feathers,Gatys (Optimization)
daisy1024,feathers,2,daisy1024_feathers_run2.jpg,1.139,26869.3272,0.3049,0.576,0.3249,0.0001,16.43,daisy1024_feathers,Gatys (Optimization)
daisy1024,feathers,3,daisy1024_feathers_run3.jpg,17.4133,2228276.0728,0.6063,0.5213,0.4032,0.0,16.25,daisy1024_feathers,Gatys (Optimization)
daisy1024,lamuse,1,daisy1024_la_muse_run1.jpg,1.8295,37172.8276,0.1379,0.4717,0.3988,0.0002,16.36,daisy1024_lamuse,Gatys (Optimization)
daisy1024,lamuse,2,daisy1024_la_muse_run2.jpg,38.0004,5731634.6889,0.9041,0.2654,0.5295,0.0,16.49,daisy1024_lamuse,Gatys (Optimization)
daisy1024,lamuse,3,daisy1024_la_muse_run3.jpg,26.3504,75706.5971,0.359,0.5618,0.3282,0.0003,16.32,daisy1024_lamuse,Gatys (Optimization)
daisy1024,mosaic,1,daisy1024_mosaic_run1.jpg,6.8173,491547.3899,1.7229,0.3296,0.4936,0.0001,16.34,daisy1024_mosaic,Gatys (Optimization)
daisy1024,mosaic,2,daisy1024_mosaic_run2.jpg,5.1702,3746272.3203,0.1356,0.3369,0.5947,0.0,16.31,daisy1024_mosaic,Gatys (Optimization)
daisy1024,mosaic,3,daisy1024_mosaic_run3.jpg,0.2334,389571.9943,0.1695,0.3212,0.6145,0.0,16.38,daisy1024_mosaic,Gatys (Optimization)
daisy1024,wave,1,daisy1024_wave_run1.jpg,0.1279,17053.2621,0.8756,0.4653,0.4305,0.0,16.33,daisy1024_wave,Gatys (Optimization)
daisy1024,wave,2,daisy1024_wave_run2.jpg,37.6891,8357387.2248,0.1468,0.5079,0.4333,0.0,16.34,daisy1024_wave,Gatys (Optimization)
daisy1024,wave,3,daisy1024_wave_run3.jpg,0.0871,14763.3163,0.4881,0.4686,0.4369,0.0,16.29,daisy1024_wave,Gatys (Optimization)
mountains1024,compositionvii,1,mountains1024_composition_vii_run1.jpg,0.5456,48336.3557,1.3298,0.3778,0.5217,0.0,14.55,mountains1024_compositionvii,Gatys (Optimization)
mountains1024,compositionvii,2,mountains1024_composition_vii_run2.jpg,0.3665,26989.9957,1.7547,0.3848,0.5088,0.0001,14.7,mountains1024_compositionvii,Gatys (Optimization)
mountains1024,compositionvii,3,mountains1024_composition_vii_run3.jpg,51.4158,9333860.243,1.0762,0.3327,0.5605,0.0,14.6,mountains1024_compositionvii,Gatys (Optimization)
mountains1024,feathers,1,mountains1024_feathers_run1.jpg,0.0862,10730.2704,0.1753,0.4869,0.451,0.0001,14.65,mountains1024_feathers,Gatys (Optimization)
mountains1024,feathers,2,mountains1024_feathers_run2.jpg,0.1546,175144.5199,1.6626,0.3331,0.6216,0.0,14.54,mountains1024_feathers,Gatys (Optimization)
mountains1024,feathers,3,mountains1024_feathers_run3.jpg,28.3263,118108.1097,0.2622,0.6507,0.2536,0.0003,14.48,mountains1024_feathers,Gatys (Optimization)
mountains1024,lamuse,1,mountains1024_la_muse_run1.jpg,66.136,1162831.4243,0.3667,0.4151,0.4599,0.0002,14.62,mountains1024_lamuse,Gatys (Optimization)
mountains1024,lamuse,2,mountains1024_la_muse_run2.jpg,0.3907,171020.1695,1.2897,0.2427,0.6679,0.0,14.56,mountains1024_lamuse,Gatys (Optimization)
mountains1024,lamuse,3,mountains1024_la_muse_run3.jpg,1.408,126815.7819,1.303,0.3433,0.5677,0.0001,14.55,mountains1024_lamuse,Gatys (Optimization)
mountains1024,mosaic,1,mountains1024_mosaic_run1.jpg,0.9685,3805377.1198,0.2061,0.2304,0.6903,0.0,14.49,mountains1024_mosaic,Gatys (Optimization)
mountains1024,mosaic,2,mountains1024_mosaic_run2.jpg,67.0218,1760142.447,0.1129,0.3889,0.4867,0.0003,14.55,mountains1024_mosaic,Gatys (Optimization)
mountains1024,mosaic,3,mountains1024_mosaic_run3.jpg,1.0228,65328.0808,0.184,0.3026,0.566,0.0001,14.58,mountains1024_mosaic,Gatys (Optimization)
mountains1024,wave,1,mountains1024_wave_run1.jpg,11.3444,3542915.407,0.1777,0.5001,0.4506,0.0,14.57,mountains1024_wave,Gatys (Optimization)
mountains1024,wave,2,mountains1024_wave_run2.jpg,14.4433,6045095.6286,0.1029,0.5394,0.4418,0.0,14.54,mountains1024_wave,Gatys (Optimization)
mountains1024,wave,3,mountains1024_wave_run3.jpg,0.8648,66459.2109,0.7933,0.5246,0.3873,0.0,14.47,mountains1024_wave,Gatys (Optimization)
rim1024,compositionvii,1,rim1024_composition_vii_run1.jpg,23.245,6113254.2586,0.529,0.1392,0.5553,0.0,10.39,rim1024_compositionvii,Gatys (Optimization)
rim1024,compositionvii,2,rim1024_composition_vii_run2.jpg,0.0236,288449.0691,0.9558,0.1203,0.6744,0.0,10.52,rim1024_compositionvii,Gatys (Optimization)
rim1024,compositionvii,3,rim1024_composition_vii_run3.jpg,2.4114,491979.9049,0.6991,0.1406,0.5482,0.0,10.22,rim1024_compositionvii,Gatys (Optimization)
rim1024,feathers,1,rim1024_feathers_run1.jpg,1.124,1829467.4218,0.2339,0.1888,0.6109,0.0,10.49,rim1024_feathers,Gatys (Optimization)
rim1024,feathers,2,rim1024_feathers_run2.jpg,9.2287,1075475.7638,0.3963,0.2236,0.4415,0.0001,10.24,rim1024_feathers,Gatys (Optimization)
rim1024,feathers,3,rim1024_feathers_run3.jpg,0.8142,202393.4672,0.2033,0.3006,0.4801,0.0001,10.44,rim1024_feathers,Gatys (Optimization)
rim1024,lamuse,1,rim1024_la_muse_run1.jpg,4.1004,504604.0072,0.4335,0.1679,0.55,0.0001,10.13,rim1024_lamuse,Gatys (Optimization)
rim1024,lamuse,2,rim1024_la_muse_run2.jpg,18.2089,179692.0856,0.4745,0.4218,0.4103,0.0002,10.51,rim1024_lamuse,Gatys (Optimization)
rim1024,lamuse,3,rim1024_la_muse_run3.jpg,0.3354,30124.5428,0.3328,0.2021,0.5249,0.0001,10.19,rim1024_lamuse,Gatys (Optimization)
rim1024,mosaic,1,rim1024_mosaic_run1.jpg,0.2795,32312.5577,0.578,0.1048,0.5623,0.0001,10.51,rim1024_mosaic,Gatys (Optimization)
rim1024,mosaic,2,rim1024_mosaic_run2.jpg,1.7618,141515.7491,1.8714,0.1025,0.5572,0.0001,10.4,rim1024_mosaic,Gatys (Optimization)
rim1024,mosaic,3,rim1024_mosaic_run3.jpg,13.1895,6483616.5787,0.4356,0.0845,0.6131,0.0,10.43,rim1024_mosaic,Gatys (Optimization)
rim1024,wave,1,rim1024_wave_run1.jpg,0.1642,417200.5761,0.3712,0.1138,0.5964,0.0,10.43,rim1024_wave,Gatys (Optimization)
rim1024,wave,2,rim1024_wave_run2.jpg,73.5553,2066216.117,0.5294,0.5133,0.3177,0.0001,10.29,rim1024_wave,Gatys (Optimization)
rim1024,wave,3,rim1024_wave_run3.jpg,0.2392,59654.9943,1.1433,0.1492,0.4946,0.0,10.51,rim1024_wave,Gatys (Optimization)
angel1024,mosaic,1,angel1024_mosaic_run1.jpg,0.1487,,,0.9136,0.1708,0.0026,0.6536,angel1024_mosaic,Fast-NST (Johnson)
angel1024,starrynight,1,angel1024_starrynight_run1.jpg,0.2066,,,0.8568,0.2444,0.0007,0.3192,angel1024_starrynight,Fast-NST (Johnson)
angel1024,starrynight,2,angel1024_starrynight_run2.jpg,0.1728,,,0.8917,0.2033,0.0007,0.285,angel1024_starrynight,Fast-NST (Johnson)
angel1024,starrynight,3,angel1024_starrynight_run3.jpg,0.2411,,,0.8203,0.2817,0.0006,0.2783,angel1024_starrynight,Fast-NST (Johnson)
angel1024,lamuse,1,angel1024_la_muse_run1.jpg,0.2841,,,0.7852,0.3648,0.0015,0.1204,angel1024_lamuse,Fast-NST (Johnson)
angel1024,lamuse,2,angel1024_la_muse_run2.jpg,0.2651,,,0.8047,0.3453,0.0016,0.1237,angel1024_lamuse,Fast-NST (Johnson)
angel1024,lamuse,3,angel1024_la_muse_run3.jpg,0.2875,,,0.7817,0.3682,0.0015,0.1142,angel1024_lamuse,Fast-NST (Johnson)
angel1024,feathers,1,angel1024_feathers_run1.jpg,0.1744,,,0.8735,0.2268,0.0008,0.1889,angel1024_feathers,Fast-NST (Johnson)
angel1024,feathers,2,angel1024_feathers_run2.jpg,0.2071,,,0.8371,0.2649,0.0007,0.1794,angel1024_feathers,Fast-NST (Johnson)
angel1024,feathers,3,angel1024_feathers_run3.jpg,0.1823,,,0.8647,0.2365,0.0008,0.172,angel1024_feathers,Fast-NST (Johnson)
angel1024,wave,1,angel1024_wave_run1.jpg,0.1292,,,0.9395,0.0755,0.0003,0.2979,angel1024_wave,Fast-NST (Johnson)
angel1024,wave,2,angel1024_wave_run2.jpg,0.1025,,,0.9592,0.0533,0.0003,0.2737,angel1024_wave,Fast-NST (Johnson)
angel1024,wave,3,angel1024_wave_run3.jpg,0.1085,,,0.955,0.0581,0.0003,0.2994,angel1024_wave,Fast-NST (Johnson)
angel1024,compositionvii,1,angel1024_composition_vii_run1.jpg,0.2806,,,0.7881,0.3257,0.0008,0.3223,angel1024_compositionvii,Fast-NST (Johnson)
angel1024,compositionvii,2,angel1024_composition_vii_run2.jpg,0.2221,,,0.8479,0.2693,0.0009,0.278,angel1024_compositionvii,Fast-NST (Johnson)
angel1024,compositionvii,3,angel1024_composition_vii_run3.jpg,0.311,,,0.7573,0.3508,0.0008,0.2846,angel1024_compositionvii,Fast-NST (Johnson)
angel1024,mosaic,2,angel1024_mosaic_run2.jpg,0.1318,,,0.9213,0.1192,0.0046,0.1798,angel1024_mosaic,Fast-NST (Johnson)
angel1024,mosaic,3,angel1024_mosaic_run3.jpg,0.2416,,,0.8014,0.2292,0.0044,0.18,angel1024_mosaic,Fast-NST (Johnson)
berries1024,starrynight,1,berries1024_starrynight_run1.jpg,0.6998,,,0.6339,0.3578,0.0003,0.2936,berries1024_starrynight,Fast-NST (Johnson)
berries1024,starrynight,2,berries1024_starrynight_run2.jpg,0.7224,,,0.6203,0.3722,0.0003,0.2899,berries1024_starrynight,Fast-NST (Johnson)
berries1024,starrynight,3,berries1024_starrynight_run3.jpg,0.7343,,,0.6132,0.3797,0.0003,0.2923,berries1024_starrynight,Fast-NST (Johnson)
berries1024,lamuse,1,berries1024_la_muse_run1.jpg,0.7718,,,0.4222,0.5902,0.0009,0.1372,berries1024_lamuse,Fast-NST (Johnson)
berries1024,lamuse,2,berries1024_la_muse_run2.jpg,0.7415,,,0.4483,0.5703,0.0009,0.1225,berries1024_lamuse,Fast-NST (Johnson)
berries1024,lamuse,3,berries1024_la_muse_run3.jpg,0.7716,,,0.4223,0.5901,0.0009,0.1243,berries1024_lamuse,Fast-NST (Johnson)
berries1024,feathers,1,berries1024_feathers_run1.jpg,0.1196,,,0.9269,0.0241,0.0008,0.1231,berries1024_feathers,Fast-NST (Johnson)
berries1024,feathers,2,berries1024_feathers_run2.jpg,0.2142,,,0.8612,0.0649,0.0007,0.1129,berries1024_feathers,Fast-NST (Johnson)
berries1024,feathers,3,berries1024_feathers_run3.jpg,0.1096,,,0.9337,0.0206,0.0009,0.1132,berries1024_feathers,Fast-NST (Johnson)
berries1024,wave,1,berries1024_wave_run1.jpg,0.286,,,0.8565,0.063,0.0005,0.3011,berries1024_wave,Fast-NST (Johnson)
berries1024,wave,2,berries1024_wave_run2.jpg,0.101,,,0.9543,0.0095,0.0009,0.2882,berries1024_wave,Fast-NST (Johnson)
berries1024,wave,3,berries1024_wave_run3.jpg,0.1809,,,0.9129,0.0279,0.0007,0.3162,berries1024_wave,Fast-NST (Johnson)
berries1024,compositionvii,1,berries1024_composition_vii_run1.jpg,0.1481,,,0.9656,0.0183,0.0007,0.4312,berries1024_compositionvii,Fast-NST (Johnson)
berries1024,compositionvii,2,berries1024_composition_vii_run2.jpg,0.1175,,,0.9763,0.0119,0.0007,0.2763,berries1024_compositionvii,Fast-NST (Johnson)
berries1024,compositionvii,3,berries1024_composition_vii_run3.jpg,0.2244,,,0.9338,0.0386,0.0006,0.2809,berries1024_compositionvii,Fast-NST (Johnson)
berries1024,mosaic,1,berries1024_mosaic_run1.jpg,0.1025,,,0.9449,0.0182,0.0036,0.1189,berries1024_mosaic,Fast-NST (Johnson)
berries1024,mosaic,2,berries1024_mosaic_run2.jpg,0.1113,,,0.9392,0.0213,0.0035,0.1288,berries1024_mosaic,Fast-NST (Johnson)
berries1024,mosaic,3,berries1024_mosaic_run3.jpg,0.1106,,,0.9396,0.021,0.0035,0.1288,berries1024_mosaic,Fast-NST (Johnson)
rim1024,starrynight,1,rim1024_starrynight_run1.jpg,0.1154,,,0.6302,0.3019,0.0007,0.3208,rim1024_starrynight,Fast-NST (Johnson)
rim1024,starrynight,2,rim1024_starrynight_run2.jpg,0.1099,,,0.6403,0.2943,0.0007,0.2816,rim1024_starrynight,Fast-NST (Johnson)
rim1024,starrynight,3,rim1024_starrynight_run3.jpg,0.1905,,,0.5186,0.3835,0.0006,0.3978,rim1024_starrynight,Fast-NST (Johnson)
rim1024,lamuse,1,rim1024_la_muse_run1.jpg,0.1152,,,0.6468,0.3249,0.0016,0.1174,rim1024_lamuse,Fast-NST (Johnson)
rim1024,lamuse,2,rim1024_la_muse_run2.jpg,0.1425,,,0.599,0.3701,0.0015,0.1137,rim1024_lamuse,Fast-NST (Johnson)
rim1024,lamuse,3,rim1024_la_muse_run3.jpg,0.1527,,,0.583,0.3851,0.0015,0.1262,rim1024_lamuse,Fast-NST (Johnson)
rim1024,feathers,1,rim1024_feathers_run1.jpg,0.9569,,,0.0955,0.6882,0.0002,0.123,rim1024_feathers,Fast-NST (Johnson)
rim1024,feathers,2,rim1024_feathers_run2.jpg,0.9735,,,0.0924,0.6898,0.0002,0.1129,rim1024_feathers,Fast-NST (Johnson)
rim1024,feathers,3,rim1024_feathers_run3.jpg,0.915,,,0.1038,0.6835,0.0002,0.1212,rim1024_feathers,Fast-NST (Johnson)
rim1024,wave,1,rim1024_wave_run1.jpg,0.9614,,,0.1196,0.6282,0.0001,0.2971,rim1024_wave,Fast-NST (Johnson)
rim1024,wave,2,rim1024_wave_run2.jpg,0.9651,,,0.1189,0.6287,0.0001,0.2878,rim1024_wave,Fast-NST (Johnson)
rim1024,wave,3,rim1024_wave_run3.jpg,0.9628,,,0.1194,0.6284,0.0001,0.2823,rim1024_wave,Fast-NST (Johnson)
rim1024,compositionvii,1,rim1024_composition_vii_run1.jpg,0.1982,,,0.5221,0.3987,0.0009,0.3177,rim1024_compositionvii,Fast-NST (Johnson)
rim1024,compositionvii,2,rim1024_composition_vii_run2.jpg,0.1319,,,0.6135,0.3299,0.001,0.3866,rim1024_compositionvii,Fast-NST (Johnson)
rim1024,compositionvii,3,rim1024_composition_vii_run3.jpg,0.1144,,,0.6436,0.3057,0.001,0.3839,rim1024_compositionvii,Fast-NST (Johnson)
rim1024,mosaic,1,rim1024_mosaic_run1.jpg,0.9303,,,0.1053,0.6452,0.0028,0.1215,rim1024_mosaic,Fast-NST (Johnson)
rim1024,mosaic,2,rim1024_mosaic_run2.jpg,0.9247,,,0.1063,0.6447,0.0028,0.112,rim1024_mosaic,Fast-NST (Johnson)
rim1024,mosaic,3,rim1024_mosaic_run3.jpg,0.8918,,,0.1121,0.6413,0.0029,0.1187,rim1024_mosaic,Fast-NST (Johnson)
mountains1024,starrynight,1,mountains1024_starrynight_run1.jpg,0.262,,,0.7599,0.3231,0.0006,0.3244,mountains1024_starrynight,Fast-NST (Johnson)
mountains1024,starrynight,2,mountains1024_starrynight_run2.jpg,0.1872,,,0.8517,0.2497,0.0007,0.2856,mountains1024_starrynight,Fast-NST (Johnson)
mountains1024,starrynight,3,mountains1024_starrynight_run3.jpg,0.1741,,,0.8675,0.2337,0.0007,0.2825,mountains1024_starrynight,Fast-NST (Johnson)
mountains1024,lamuse,1,mountains1024_la_muse_run1.jpg,0.4078,,,0.6083,0.5887,0.0015,0.1169,mountains1024_lamuse,Fast-NST (Johnson)
mountains1024,lamuse,2,mountains1024_la_muse_run2.jpg,0.378,,,0.6375,0.5662,0.0016,0.1166,mountains1024_lamuse,Fast-NST (Johnson)
mountains1024,lamuse,3,mountains1024_la_muse_run3.jpg,0.3866,,,0.629,0.573,0.0016,0.1142,mountains1024_lamuse,Fast-NST (Johnson)
mountains1024,feathers,1,mountains1024_feathers_run1.jpg,0.3268,,,0.7164,0.4575,0.0007,0.1862,mountains1024_feathers,Fast-NST (Johnson)
mountains1024,feathers,2,mountains1024_feathers_run2.jpg,0.3694,,,0.6785,0.4873,0.0006,0.1749,mountains1024_feathers,Fast-NST (Johnson)
mountains1024,feathers,3,mountains1024_feathers_run3.jpg,0.3618,,,0.6852,0.4824,0.0007,0.1735,mountains1024_feathers,Fast-NST (Johnson)
mountains1024,wave,1,mountains1024_wave_run1.jpg,0.8712,,,0.5069,0.6165,0.0001,0.2977,mountains1024_wave,Fast-NST (Johnson)
mountains1024,wave,2,mountains1024_wave_run2.jpg,0.8757,,,0.505,0.6185,0.0001,0.2902,mountains1024_wave,Fast-NST (Johnson)
mountains1024,wave,3,mountains1024_wave_run3.jpg,0.8345,,,0.5225,0.5992,0.0001,0.2962,mountains1024_wave,Fast-NST (Johnson)
mountains1024,compositionvii,1,mountains1024_composition_vii_run1.jpg,0.2258,,,0.7939,0.3198,0.001,0.2971,mountains1024_compositionvii,Fast-NST (Johnson)
mountains1024,compositionvii,2,mountains1024_composition_vii_run2.jpg,0.1962,,,0.83,0.2818,0.0011,0.3061,mountains1024_compositionvii,Fast-NST (Johnson)
mountains1024,compositionvii,3,mountains1024_composition_vii_run3.jpg,0.2193,,,0.8017,0.312,0.001,0.2767,mountains1024_compositionvii,Fast-NST (Johnson)
mountains1024,mosaic,1,mountains1024_mosaic_run1.jpg,0.1736,,,0.8281,0.338,0.0047,0.1406,mountains1024_mosaic,Fast-NST (Johnson)
mountains1024,mosaic,2,mountains1024_mosaic_run2.jpg,0.2114,,,0.7806,0.3795,0.0046,0.1126,mountains1024_mosaic,Fast-NST (Johnson)
mountains1024,mosaic,3,mountains1024_mosaic_run3.jpg,0.1981,,,0.7971,0.3656,0.0046,0.1699,mountains1024_mosaic,Fast-NST (Johnson)
daisy1024,starrynight,1,daisy1024_starrynight_run1.jpg,0.2257,,,0.8197,0.3332,0.0007,0.445,daisy1024_starrynight,Fast-NST (Johnson)
daisy1024,starrynight,2,daisy1024_starrynight_run2.jpg,0.2462,,,0.7962,0.3582,0.0007,0.2788,daisy1024_starrynight,Fast-NST (Johnson)
daisy1024,starrynight,3,daisy1024_starrynight_run3.jpg,0.3341,,,0.6987,0.4453,0.0007,0.3075,daisy1024_starrynight,Fast-NST (Johnson)
daisy1024,lamuse,1,daisy1024_la_muse_run1.jpg,0.2948,,,0.7568,0.4366,0.0017,0.1331,daisy1024_lamuse,Fast-NST (Johnson)
daisy1024,lamuse,2,daisy1024_la_muse_run2.jpg,0.415,,,0.635,0.5464,0.0016,0.1171,daisy1024_lamuse,Fast-NST (Johnson)
daisy1024,lamuse,3,daisy1024_la_muse_run3.jpg,0.3576,,,0.6919,0.5004,0.0016,0.1308,daisy1024_lamuse,Fast-NST (Johnson)
daisy1024,feathers,1,daisy1024_feathers_run1.jpg,0.368,,,0.7749,0.4061,0.0006,0.1296,daisy1024_feathers,Fast-NST (Johnson)
daisy1024,feathers,2,daisy1024_feathers_run2.jpg,0.3421,,,0.7948,0.3891,0.0006,0.1132,daisy1024_feathers,Fast-NST (Johnson)
daisy1024,feathers,3,daisy1024_feathers_run3.jpg,0.3323,,,0.8024,0.3821,0.0006,0.1121,daisy1024_feathers,Fast-NST (Johnson)
daisy1024,wave,1,daisy1024_wave_run1.jpg,0.7222,,,0.5925,0.5277,0.0002,0.3061,daisy1024_wave,Fast-NST (Johnson)
daisy1024,wave,2,daisy1024_wave_run2.jpg,0.684,,,0.6112,0.5124,0.0002,0.3581,daisy1024_wave,Fast-NST (Johnson)
daisy1024,wave,3,daisy1024_wave_run3.jpg,0.6987,,,0.604,0.5184,0.0002,0.3955,daisy1024_wave,Fast-NST (Johnson)
daisy1024,compositionvii,1,daisy1024_composition_vii_run1.jpg,0.2589,,,0.7922,0.3398,0.001,0.3055,daisy1024_compositionvii,Fast-NST (Johnson)
daisy1024,compositionvii,2,daisy1024_composition_vii_run2.jpg,0.2378,,,0.815,0.3139,0.001,0.2813,daisy1024_compositionvii,Fast-NST (Johnson)
daisy1024,compositionvii,3,daisy1024_composition_vii_run3.jpg,0.2455,,,0.8066,0.3235,0.001,0.2891,daisy1024_compositionvii,Fast-NST (Johnson)
daisy1024,mosaic,1,daisy1024_mosaic_run1.jpg,0.2035,,,0.8556,0.2613,0.0045,0.1211,daisy1024_mosaic,Fast-NST (Johnson)
daisy1024,mosaic,2,daisy1024_mosaic_run2.jpg,0.2701,,,0.789,0.3274,0.0043,0.1225,daisy1024_mosaic,Fast-NST (Johnson)
daisy1024,mosaic,3,daisy1024_mosaic_run3.jpg,0.2061,,,0.8529,0.2644,0.0045,0.1124,daisy1024_mosaic,Fast-NST (Johnson)
angel1024,starrynight,1,angel1024_starry_night_run1.jpg,0.9364,,,0.1672,0.5956,0.0001,0.4004,angel1024_starrynight,AdaIN (Huang)
angel1024,starrynight,2,angel1024_starry_night_run2.jpg,0.9284,,,0.1686,0.5944,0.0001,0.0042,angel1024_starrynight,AdaIN (Huang)
angel1024,starrynight,3,angel1024_starry_night_run3.jpg,0.9023,,,0.1729,0.5904,0.0001,0.0047,angel1024_starrynight,AdaIN (Huang)
angel1024,mosaic,1,angel1024_mosaic_run1.jpg,0.9453,,,0.1293,0.623,0.0015,0.007,angel1024_mosaic,AdaIN (Huang)
angel1024,mosaic,2,angel1024_mosaic_run2.jpg,0.9643,,,0.127,0.6255,0.0015,0.011,angel1024_mosaic,AdaIN (Huang)
angel1024,mosaic,3,angel1024_mosaic_run3.jpg,0.9876,,,0.1242,0.6285,0.0015,0.0049,angel1024_mosaic,AdaIN (Huang)
angel1024,feathers,1,angel1024_feathers_run1.jpg,0.9727,,,0.186,0.6056,0.0002,0.007,angel1024_feathers,AdaIN (Huang)
angel1024,feathers,2,angel1024_feathers_run2.jpg,0.9599,,,0.1871,0.6038,0.0002,0.0048,angel1024_feathers,AdaIN (Huang)
angel1024,feathers,3,angel1024_feathers_run3.jpg,0.9532,,,0.1876,0.6028,0.0002,0.005,angel1024_feathers,AdaIN (Huang)
angel1024,compositionvii,1,angel1024_composition_vii_run1.jpg,0.9967,,,0.1884,0.6311,0.0001,0.007,angel1024_compositionvii,AdaIN (Huang)
angel1024,compositionvii,2,angel1024_composition_vii_run2.jpg,0.9553,,,0.1941,0.6265,0.0002,0.0062,angel1024_compositionvii,AdaIN (Huang)
angel1024,compositionvii,3,angel1024_composition_vii_run3.jpg,0.9666,,,0.1925,0.6278,0.0001,0.0047,angel1024_compositionvii,AdaIN (Huang)
angel1024,lamuse,1,angel1024_la_muse_run1.jpg,0.9304,,,0.2075,0.6018,0.0002,0.006,angel1024_lamuse,AdaIN (Huang)
angel1024,lamuse,2,angel1024_la_muse_run2.jpg,0.9002,,,0.2125,0.5979,0.0002,0.0055,angel1024_lamuse,AdaIN (Huang)
angel1024,lamuse,3,angel1024_la_muse_run3.jpg,0.9178,,,0.2096,0.6002,0.0002,0.005,angel1024_lamuse,AdaIN (Huang)
angel1024,wave,1,angel1024_wave_run1.jpg,0.9771,,,0.2276,0.5798,0.0001,0.007,angel1024_wave,AdaIN (Huang)
angel1024,wave,2,angel1024_wave_run2.jpg,0.9803,,,0.2271,0.5804,0.0001,0.005,angel1024_wave,AdaIN (Huang)
angel1024,wave,3,angel1024_wave_run3.jpg,0.9825,,,0.2268,0.5808,0.0001,0.0049,angel1024_wave,AdaIN (Huang)
berries1024,starrynight,1,berries1024_starry_night_run1.jpg,0.9328,,,0.142,0.6534,0.0001,0.0074,berries1024_starrynight,AdaIN (Huang)
berries1024,starrynight,2,berries1024_starry_night_run2.jpg,0.9602,,,0.1376,0.6592,0.0001,0.0054,berries1024_starrynight,AdaIN (Huang)
berries1024,starrynight,3,berries1024_starry_night_run3.jpg,0.9296,,,0.1426,0.6527,0.0001,0.0056,berries1024_starrynight,AdaIN (Huang)
berries1024,mosaic,1,berries1024_mosaic_run1.jpg,0.9176,,,0.1577,0.6104,0.0015,0.0075,berries1024_mosaic,AdaIN (Huang)
berries1024,mosaic,2,berries1024_mosaic_run2.jpg,0.9473,,,0.154,0.6176,0.0015,0.0046,berries1024_mosaic,AdaIN (Huang)
berries1024,mosaic,3,berries1024_mosaic_run3.jpg,0.967,,,0.1516,0.6223,0.0015,0.0054,berries1024_mosaic,AdaIN (Huang)
berries1024,feathers,1,berries1024_feathers_run1.jpg,0.9736,,,0.1992,0.5978,0.0002,0.007,berries1024_feathers,AdaIN (Huang)
berries1024,feathers,2,berries1024_feathers_run2.jpg,0.945,,,0.2023,0.5894,0.0002,0.0053,berries1024_feathers,AdaIN (Huang)
berries1024,feathers,3,berries1024_feathers_run3.jpg,0.9851,,,0.198,0.6011,0.0002,0.0056,berries1024_feathers,AdaIN (Huang)
berries1024,compositionvii,1,berries1024_composition_vii_run1.jpg,0.9815,,,0.2256,0.5362,0.0002,0.0072,berries1024_compositionvii,AdaIN (Huang)
berries1024,compositionvii,2,berries1024_composition_vii_run2.jpg,0.9545,,,0.2289,0.5298,0.0002,0.0052,berries1024_compositionvii,AdaIN (Huang)
berries1024,compositionvii,3,berries1024_composition_vii_run3.jpg,0.9792,,,0.2259,0.5356,0.0002,0.0074,berries1024_compositionvii,AdaIN (Huang)
berries1024,lamuse,1,berries1024_la_muse_run1.jpg,0.9712,,,0.1895,0.6244,0.0002,0.0066,berries1024_lamuse,AdaIN (Huang)
berries1024,lamuse,2,berries1024_la_muse_run2.jpg,0.979,,,0.1882,0.627,0.0002,0.0048,berries1024_lamuse,AdaIN (Huang)
berries1024,lamuse,3,berries1024_la_muse_run3.jpg,0.8827,,,0.2055,0.5942,0.0002,0.0053,berries1024_lamuse,AdaIN (Huang)
berries1024,wave,1,berries1024_wave_run1.jpg,0.7628,,,0.2281,0.5723,0.0001,0.006,berries1024_wave,AdaIN (Huang)
berries1024,wave,2,berries1024_wave_run2.jpg,0.994,,,0.1899,0.6648,0.0001,0.0061,berries1024_wave,AdaIN (Huang)
berries1024,wave,3,berries1024_wave_run3.jpg,0.9448,,,0.1974,0.6497,0.0001,0.0057,berries1024_wave,AdaIN (Huang)
rim1024,starrynight,1,rim1024_starry_night_run1.jpg,0.986,,,0.0678,0.6524,0.0001,0.0074,rim1024_starrynight,AdaIN (Huang)
rim1024,starrynight,2,rim1024_starry_night_run2.jpg,0.8068,,,0.0892,0.621,0.0002,0.0054,rim1024_starrynight,AdaIN (Huang)
rim1024,starrynight,3,rim1024_starry_night_run3.jpg,0.8387,,,0.0846,0.627,0.0002,0.0053,rim1024_starrynight,AdaIN (Huang)
rim1024,mosaic,1,rim1024_mosaic_run1.jpg,0.9889,,,0.0436,0.6713,0.0016,0.007,rim1024_mosaic,AdaIN (Huang)
rim1024,mosaic,2,rim1024_mosaic_run2.jpg,0.9908,,,0.0435,0.6714,0.0016,0.0059,rim1024_mosaic,AdaIN (Huang)
rim1024,mosaic,3,rim1024_mosaic_run3.jpg,0.9844,,,0.0438,0.671,0.0016,0.0051,rim1024_mosaic,AdaIN (Huang)
rim1024,feathers,1,rim1024_feathers_run1.jpg,0.9643,,,0.0587,0.6428,0.0002,0.007,rim1024_feathers,AdaIN (Huang)
rim1024,feathers,2,rim1024_feathers_run2.jpg,0.9541,,,0.0592,0.6416,0.0002,0.0049,rim1024_feathers,AdaIN (Huang)
rim1024,feathers,3,rim1024_feathers_run3.jpg,0.9818,,,0.0579,0.6449,0.0002,0.0053,rim1024_feathers,AdaIN (Huang)
rim1024,compositionvii,1,rim1024_composition_vii_run1.jpg,0.9981,,,0.0662,0.6889,0.0002,0.0071,rim1024_compositionvii,AdaIN (Huang)
rim1024,compositionvii,2,rim1024_composition_vii_run2.jpg,0.9402,,,0.0705,0.6842,0.0002,0.0054,rim1024_compositionvii,AdaIN (Huang)
rim1024,compositionvii,3,rim1024_composition_vii_run3.jpg,0.9735,,,0.0679,0.6871,0.0002,0.0055,rim1024_compositionvii,AdaIN (Huang)
rim1024,lamuse,1,rim1024_la_muse_run1.jpg,0.9745,,,0.0851,0.6601,0.0002,0.0071,rim1024_lamuse,AdaIN (Huang)
rim1024,lamuse,2,rim1024_la_muse_run2.jpg,0.9852,,,0.0841,0.6614,0.0002,0.0052,rim1024_lamuse,AdaIN (Huang)
rim1024,lamuse,3,rim1024_la_muse_run3.jpg,0.933,,,0.0895,0.6535,0.0002,0.0056,rim1024_lamuse,AdaIN (Huang)
rim1024,wave,1,rim1024_wave_run1.jpg,0.9052,,,0.0803,0.6359,0.0001,0.0071,rim1024_wave,AdaIN (Huang)
rim1024,wave,2,rim1024_wave_run2.jpg,0.9994,,,0.0718,0.6476,0.0001,0.0058,rim1024_wave,AdaIN (Huang)
rim1024,wave,3,rim1024_wave_run3.jpg,0.9549,,,0.0756,0.6413,0.0001,0.0054,rim1024_wave,AdaIN (Huang)
mountains1024,starrynight,1,mountains1024_starry_night_run1.jpg,0.9123,,,0.1804,0.5833,0.0001,0.0068,mountains1024_starrynight,AdaIN (Huang)
mountains1024,starrynight,2,mountains1024_starry_night_run2.jpg,0.931,,,0.1765,0.5867,0.0001,0.0056,mountains1024_starrynight,AdaIN (Huang)
mountains1024,starrynight,3,mountains1024_starry_night_run3.jpg,0.9733,,,0.168,0.5933,0.0001,0.0064,mountains1024_starrynight,AdaIN (Huang)
mountains1024,mosaic,1,mountains1024_mosaic_run1.jpg,0.9702,,,0.1699,0.7083,0.0015,0.0072,mountains1024_mosaic,AdaIN (Huang)
mountains1024,mosaic,2,mountains1024_mosaic_run2.jpg,0.9622,,,0.1712,0.7073,0.0015,0.0048,mountains1024_mosaic,AdaIN (Huang)
mountains1024,mosaic,3,mountains1024_mosaic_run3.jpg,0.905,,,0.1823,0.7003,0.0016,0.0051,mountains1024_mosaic,AdaIN (Huang)
mountains1024,feathers,1,mountains1024_feathers_run1.jpg,0.9036,,,0.3558,0.6602,0.0002,0.0071,mountains1024_feathers,AdaIN (Huang)
mountains1024,feathers,2,mountains1024_feathers_run2.jpg,0.9888,,,0.3432,0.6713,0.0002,0.0049,mountains1024_feathers,AdaIN (Huang)
mountains1024,feathers,3,mountains1024_feathers_run3.jpg,0.8996,,,0.3565,0.6596,0.0002,0.0052,mountains1024_feathers,AdaIN (Huang)
mountains1024,compositionvii,1,mountains1024_composition_vii_run1.jpg,0.9903,,,0.2069,0.7281,0.0002,0.0071,mountains1024_compositionvii,AdaIN (Huang)
mountains1024,compositionvii,2,mountains1024_composition_vii_run2.jpg,0.974,,,0.2104,0.7261,0.0002,0.0052,mountains1024_compositionvii,AdaIN (Huang)
mountains1024,compositionvii,3,mountains1024_composition_vii_run3.jpg,0.8194,,,0.2507,0.6998,0.0002,0.005,mountains1024_compositionvii,AdaIN (Huang)
mountains1024,lamuse,1,mountains1024_la_muse_run1.jpg,0.9371,,,0.2038,0.7276,0.0002,0.0071,mountains1024_lamuse,AdaIN (Huang)
mountains1024,lamuse,2,mountains1024_la_muse_run2.jpg,0.9237,,,0.2069,0.725,0.0002,0.0052,mountains1024_lamuse,AdaIN (Huang)
mountains1024,lamuse,3,mountains1024_la_muse_run3.jpg,0.9783,,,0.1948,0.7351,0.0002,0.0055,mountains1024_lamuse,AdaIN (Huang)
mountains1024,wave,1,mountains1024_wave_run1.jpg,0.944,,,0.3563,0.5857,0.0001,0.0065,mountains1024_wave,AdaIN (Huang)
mountains1024,wave,2,mountains1024_wave_run2.jpg,0.9837,,,0.3437,0.598,0.0001,0.0053,mountains1024_wave,AdaIN (Huang)
mountains1024,wave,3,mountains1024_wave_run3.jpg,0.9258,,,0.3623,0.5801,0.0001,0.0052,mountains1024_wave,AdaIN (Huang)
daisy1024,starrynight,1,daisy1024_starry_night_run1.jpg,0.9604,,,0.1302,0.7193,0.0001,0.0055,daisy1024_starrynight,AdaIN (Huang)
daisy1024,starrynight,2,daisy1024_starry_night_run2.jpg,0.9213,,,0.1378,0.7135,0.0001,0.0071,daisy1024_starrynight,AdaIN (Huang)
daisy1024,starrynight,3,daisy1024_starry_night_run3.jpg,0.9624,,,0.1298,0.7196,0.0001,0.0068,daisy1024_starrynight,AdaIN (Huang)
daisy1024,mosaic,1,daisy1024_mosaic_run1.jpg,0.9789,,,0.1604,0.6698,0.0014,0.0067,daisy1024_mosaic,AdaIN (Huang)
daisy1024,mosaic,2,daisy1024_mosaic_run2.jpg,0.916,,,0.1711,0.6644,0.0015,0.006,daisy1024_mosaic,AdaIN (Huang)
daisy1024,mosaic,3,daisy1024_mosaic_run3.jpg,0.9598,,,0.1635,0.6683,0.0015,0.0052,daisy1024_mosaic,AdaIN (Huang)
daisy1024,feathers,1,daisy1024_feathers_run1.jpg,0.9607,,,0.3154,0.6277,0.0002,0.0065,daisy1024_feathers,AdaIN (Huang)
daisy1024,feathers,2,daisy1024_feathers_run2.jpg,0.9401,,,0.3188,0.6247,0.0002,0.0051,daisy1024_feathers,AdaIN (Huang)
daisy1024,feathers,3,daisy1024_feathers_run3.jpg,0.9514,,,0.3169,0.6263,0.0002,0.0051,daisy1024_feathers,AdaIN (Huang)
daisy1024,compositionvii,1,daisy1024_composition_vii_run1.jpg,0.9492,,,0.2076,0.646,0.0002,0.0071,daisy1024_compositionvii,AdaIN (Huang)
daisy1024,compositionvii,2,daisy1024_composition_vii_run2.jpg,0.9443,,,0.2086,0.6452,0.0002,0.0051,daisy1024_compositionvii,AdaIN (Huang)
daisy1024,compositionvii,3,daisy1024_composition_vii_run3.jpg,0.8394,,,0.2317,0.6261,0.0002,0.0054,daisy1024_compositionvii,AdaIN (Huang)
daisy1024,lamuse,1,daisy1024_la_muse_run1.jpg,0.9523,,,0.1714,0.6882,0.0003,0.0071,daisy1024_lamuse,AdaIN (Huang)
daisy1024,lamuse,2,daisy1024_la_muse_run2.jpg,0.9222,,,0.1772,0.6842,0.0003,0.0052,daisy1024_lamuse,AdaIN (Huang)
daisy1024,lamuse,3,daisy1024_la_muse_run3.jpg,0.8258,,,0.1983,0.6694,0.0003,0.0048,daisy1024_lamuse,AdaIN (Huang)
daisy1024,wave,1,daisy1024_wave_run1.jpg,0.9467,,,0.3182,0.6411,0.0001,0.0079,daisy1024_wave,AdaIN (Huang)
daisy1024,wave,2,daisy1024_wave_run2.jpg,0.9804,,,0.3088,0.6479,0.0001,0.0052,daisy1024_wave,AdaIN (Huang)
daisy1024,wave,3,daisy1024_wave_run3.jpg,0.9338,,,0.3218,0.6385,0.0001,0.0053,daisy1024_wave,AdaIN (Huang)
